id,user_id,start_time,end_time
1,5,2023-01-01 02:01:29,2023-01-01 03:13:29
2,2,2023-01-01 05:01:21,2023-01-01 05:55:21
3,6,2023-01-01 13:23:18,2023-01-01 14:43:18
4,4,2023-01-01 13:34:14,2023-01-01 15:12:14
5,1,2023-01-02 06:28:49,2023-01-02 07:24:49
6,3,2023-01-02 10:30:09,2023-01-02 11:43:09
7,6,2023-01-02 12:29:36,2023-01-02 13:47:36
8,5,2023-01-02 21:23:37,2023-01-02 22:30:37
9,1,2023-01-02 22:27:07,2023-01-02 23:41:07
10,2,2023-01-03 08:50:41,2023-01-03 10:09:41
11,4,2023-01-03 20:13:45,2023-01-03 21:12:45
12,3,2023-01-03 22:01:08,2023-01-03 23:11:08
13,1,2023-01-04 01:45:01,2023-01-04 02:47:01
14,5,2023-01-04 07:44:09,2023-01-04 08:50:09
15,6,2023-01-04 13:31:21,2023-01-04 14:42:21
16,4,2023-01-04 17:17:49,2023-01-04 18:34:49
17,3,2023-01-04 19:10:26,2023-01-04 20:24:26
18,2,2023-01-04 23:57:40,2023-01-05 01:14:40
19,5,2023-01-05 00:43:55,2023-01-05 01:58:55
20,2,2023-01-05 06:34:30,2023-01-05 07:29:30
21,6,2023-01-05 14:26:38,2023-01-05 15:48:38
22,4,2023-01-06 04:17:48,2023-01-06 05:30:48
23,1,2023-01-06 12:52:47,2023-01-06 14:10:47
24,3,2023-01-06 20:39:48,2023-01-06 22:06:48
25,6,2023-01-07 00:38:30,2023-01-07 01:45:30
26,5,2023-01-07 06:28:42,2023-01-07 07:46:42
27,1,2023-01-07 09:47:36,2023-01-07 10:50:36
28,2,2023-01-07 16:55:25,2023-01-07 18:21:25
29,4,2023-01-07 23:15:38,2023-01-08 00:36:38
30,3,2023-01-08 06:22:48,2023-01-08 07:19:48
31,1,2023-01-09 02:13:20,2023-01-09 03:39:20
32,5,2023-01-09 07:37:50,2023-01-09 08:41:50
33,6,2023-01-09 12:44:56,2023-01-09 13:55:56
34,4,2023-01-09 14:29:32,2023-01-09 15:42:32
35,3,2023-01-09 20:55:19,2023-01-09 22:18:19
36,2,2023-01-10 05:34:54,2023-01-10 06:42:54
37,5,2023-01-10 06:21:28,2023-01-10 07:28:28
38,2,2023-01-10 16:34:01,2023-01-10 17:42:01
39,6,2023-01-10 17:52:34,2023-01-10 19:14:34
40,4,2023-01-10 22:22:44,2023-01-10 23:32:44
41,1,2023-01-10 22:45:46,2023-01-10 23:37:46
42,3,2023-01-11 01:05:47,2023-01-11 02:22:47
43,6,2023-01-11 11:13:17,2023-01-11 12:28:17
44,5,2023-01-11 18:38:31,2023-01-11 19:40:31
45,1,2023-01-11 21:34:45,2023-01-11 22:36:45
46,2,2023-01-12 00:37:33,2023-01-12 01:42:33
47,4,2023-01-12 02:28:47,2023-01-12 03:44:47
48,3,2023-01-12 06:58:50,2023-01-12 08:11:50
49,1,2023-01-12 07:03:54,2023-01-12 08:36:54
50,5,2023-01-12 16:04:37,2023-01-12 17:32:37
51,6,2023-01-12 21:21:57,2023-01-12 22:30:57
52,4,2023-01-13 03:44:22,2023-01-13 05:06:22
53,3,2023-01-13 03:58:32,2023-01-13 04:59:32
54,2,2023-01-13 07:17:09,2023-01-13 08:33:09
55,5,2023-01-14 05:22:09,2023-01-14 06:36:09
56,2,2023-01-14 05:42:04,2023-01-14 06:53:04
57,6,2023-01-14 22:01:43,2023-01-14 23:29:43
58,4,2023-01-15 07:54:19,2023-01-15 08:44:19
59,1,2023-01-15 11:23:38,2023-01-15 12:39:38
60,3,2023-01-15 18:51:38,2023-01-15 20:05:38
61,6,2023-01-15 21:55:13,2023-01-15 23:10:13
62,5,2023-01-15 22:53:11,2023-01-16 00:13:11
63,1,2023-01-16 03:55:02,2023-01-16 05:01:02
64,2,2023-01-16 08:53:31,2023-01-16 10:24:31
65,4,2023-01-17 06:13:56,2023-01-17 07:15:56
66,3,2023-01-17 07:02:25,2023-01-17 08:10:25
67,1,2023-01-17 14:05:16,2023-01-17 15:05:16
68,5,2023-01-17 18:08:17,2023-01-17 19:36:17
69,6,2023-01-17 18:28:14,2023-01-17 19:45:14
70,4,2023-01-18 00:11:38,2023-01-18 01:12:38
71,3,2023-01-18 03:44:59,2023-01-18 05:03:59
72,2,2023-01-18 03:59:05,2023-01-18 05:15:05
73,5,2023-01-18 06:16:00,2023-01-18 07:30:00
74,2,2023-01-18 06:47:04,2023-01-18 07:55:04
75,6,2023-01-18 06:51:20,2023-01-18 08:16:20
76,4,2023-01-19 15:39:59,2023-01-19 16:53:59
77,1,2023-01-20 01:25:52,2023-01-20 02:39:52
78,3,2023-01-20 11:40:00,2023-01-20 13:05:00
79,6,2023-01-20 14:48:34,2023-01-20 16:06:34
80,5,2023-01-20 16:25:57,2023-01-20 17:32:57
81,1,2023-01-20 18:43:55,2023-01-20 19:59:55
82,2,2023-01-20 20:40:50,2023-01-20 21:59:50
83,4,2023-01-21 02:38:21,2023-01-21 03:55:21
84,3,2023-01-21 06:19:42,2023-01-21 07:37:42
85,1,2023-01-22 03:25:07,2023-01-22 04:29:07
86,5,2023-01-22 04:04:53,2023-01-22 05:12:53
87,6,2023-01-22 09:04:33,2023-01-22 10:22:33
88,4,2023-01-22 20:26:35,2023-01-22 21:45:35
89,3,2023-01-23 16:32:13,2023-01-23 18:01:13
90,2,2023-01-23 17:10:23,2023-01-23 18:23:23
91,5,2023-01-23 21:28:23,2023-01-23 23:04:23
92,2,2023-01-24 00:09:07,2023-01-24 01:17:07
93,6,2023-01-24 12:15:19,2023-01-24 13:25:19
94,4,2023-01-24 16:05:02,2023-01-24 17:09:02
95,1,2023-01-24 18:42:02,2023-01-24 20:00:02
96,3,2023-01-24 19:37:26,2023-01-24 20:53:26
97,6,2023-01-24 21:16:14,2023-01-24 22:23:14
98,5,2023-01-25 03:09:57,2023-01-25 04:20:57
99,1,2023-01-25 09:30:22,2023-01-25 10:47:22
100,2,2023-01-25 16:56:11,2023-01-25 18:07:11
101,4,2023-01-26 02:39:48,2023-01-26 04:04:48
102,3,2023-01-26 09:49:42,2023-01-26 10:55:42
103,1,2023-01-26 10:20:41,2023-01-26 11:14:41
104,5,2023-01-26 10:49:39,2023-01-26 11:55:39
105,6,2023-01-26 15:15:13,2023-01-26 16:41:13
106,4,2023-01-26 15:33:00,2023-01-26 16:54:00
107,3,2023-01-26 19:04:46,2023-01-26 20:32:46
108,2,2023-01-27 01:08:00,2023-01-27 02:09:00
109,5,2023-01-27 11:26:30,2023-01-27 12:31:30
110,2,2023-01-27 11:42:19,2023-01-27 12:43:19
111,6,2023-01-27 12:44:42,2023-01-27 13:56:42
112,4,2023-01-29 09:24:04,2023-01-29 10:43:04
113,1,2023-01-29 17:52:39,2023-01-29 18:54:39
114,3,2023-01-29 18:28:11,2023-01-29 19:42:11
115,6,2023-01-29 20:43:54,2023-01-29 22:01:54
116,5,2023-01-29 21:47:01,2023-01-29 23:16:01
117,1,2023-01-30 01:14:00,2023-01-30 02:34:00
118,2,2023-01-30 15:33:32,2023-01-30 16:46:32
119,4,2023-01-30 18:58:09,2023-01-30 20:06:09
120,3,2023-01-30 19:37:05,2023-01-30 20:51:05
121,1,2023-01-30 21:14:29,2023-01-30 22:22:29
122,5,2023-01-30 22:41:47,2023-01-30 23:49:47
123,6,2023-01-31 08:01:45,2023-01-31 09:28:45
124,4,2023-01-31 21:07:30,2023-01-31 22:07:30
125,3,2023-01-31 21:30:41,2023-01-31 22:57:41
126,2,2023-02-01 00:27:50,2023-02-01 01:45:50
127,5,2023-02-01 13:49:52,2023-02-01 15:05:52
128,2,2023-02-01 21:08:57,2023-02-01 22:12:57
129,6,2023-02-02 07:26:31,2023-02-02 08:53:31
130,4,2023-02-02 08:39:29,2023-02-02 10:11:29
131,1,2023-02-02 14:57:19,2023-02-02 16:35:19
132,3,2023-02-02 16:25:29,2023-02-02 17:40:29
133,6,2023-02-03 01:25:24,2023-02-03 02:42:24
134,5,2023-02-03 09:16:11,2023-02-03 10:26:11
135,1,2023-02-03 23:13:40,2023-02-04 00:16:40
136,2,2023-02-04 07:07:38,2023-02-04 08:17:38
137,4,2023-02-04 21:24:37,2023-02-04 22:44:37
138,3,2023-02-05 00:09:49,2023-02-05 01:27:49
139,1,2023-02-05 11:59:36,2023-02-05 13:03:36
140,5,2023-02-07 01:03:11,2023-02-07 02:03:11
141,6,2023-02-07 03:46:59,2023-02-07 05:15:59
142,4,2023-02-07 05:58:03,2023-02-07 07:23:03
143,3,2023-02-07 08:16:35,2023-02-07 09:28:35
144,2,2023-02-07 08:58:35,2023-02-07 10:25:35
145,5,2023-02-07 12:32:39,2023-02-07 13:53:39
146,2,2023-02-07 18:00:54,2023-02-07 19:05:54
147,6,2023-02-07 23:03:39,2023-02-08 00:27:39
148,4,2023-02-08 02:13:56,2023-02-08 03:39:56
149,1,2023-02-08 07:59:01,2023-02-08 09:03:01
150,3,2023-02-08 21:17:23,2023-02-08 22:16:23
151,6,2023-02-08 22:47:23,2023-02-09 00:10:23
152,5,2023-02-09 02:55:40,2023-02-09 04:17:40
153,1,2023-02-09 03:33:06,2023-02-09 04:39:06
154,2,2023-02-09 06:09:24,2023-02-09 07:29:24
155,4,2023-02-10 00:59:14,2023-02-10 02:22:14
156,3,2023-02-10 02:36:07,2023-02-10 03:53:07
157,1,2023-02-10 04:46:38,2023-02-10 05:44:38
158,5,2023-02-10 05:48:48,2023-02-10 07:03:48
159,6,2023-02-10 09:15:28,2023-02-10 10:32:28
160,4,2023-02-10 09:36:47,2023-02-10 10:56:47
161,3,2023-02-10 17:31:43,2023-02-10 18:52:43
162,2,2023-02-10 18:28:15,2023-02-10 19:38:15
163,5,2023-02-10 22:52:54,2023-02-11 00:23:54
164,2,2023-02-11 10:56:31,2023-02-11 12:07:31
165,6,2023-02-11 11:32:16,2023-02-11 12:45:16
166,4,2023-02-11 17:06:04,2023-02-11 18:32:04
167,1,2023-02-11 22:57:50,2023-02-12 00:07:50
168,3,2023-02-11 23:04:00,2023-02-12 00:01:00
169,6,2023-02-13 02:58:10,2023-02-13 04:13:10
170,5,2023-02-13 07:38:54,2023-02-13 08:57:54
171,1,2023-02-13 07:55:00,2023-02-13 09:07:00
172,2,2023-02-13 09:11:44,2023-02-13 10:38:44
173,4,2023-02-13 20:17:36,2023-02-13 21:30:36
174,3,2023-02-14 09:47:05,2023-02-14 11:02:05
175,1,2023-02-14 09:48:38,2023-02-14 11:06:38
176,5,2023-02-15 04:04:59,2023-02-15 05:04:59
177,6,2023-02-15 10:32:01,2023-02-15 12:00:01
178,4,2023-02-15 11:45:11,2023-02-15 13:05:11
179,3,2023-02-15 17:11:39,2023-02-15 18:22:39
180,2,2023-02-16 10:42:40,2023-02-16 11:50:40
181,5,2023-02-16 10:42:44,2023-02-16 11:51:44
182,2,2023-02-16 12:47:34,2023-02-16 13:54:34
183,6,2023-02-16 14:39:15,2023-02-16 16:05:15
184,4,2023-02-17 13:26:41,2023-02-17 14:34:41
185,1,2023-02-18 00:44:02,2023-02-18 01:54:02
186,3,2023-02-18 07:19:35,2023-02-18 08:13:35
187,6,2023-02-18 08:44:48,2023-02-18 10:10:48
188,5,2023-02-18 09:34:46,2023-02-18 10:48:46
189,1,2023-02-18 11:08:53,2023-02-18 12:27:53
190,2,2023-02-18 16:43:28,2023-02-18 18:03:28
191,4,2023-02-18 19:30:13,2023-02-18 20:50:13
192,3,2023-02-18 20:08:10,2023-02-18 21:14:10
193,1,2023-02-18 21:53:29,2023-02-18 23:17:29
194,5,2023-02-18 22:24:44,2023-02-18 23:39:44
195,6,2023-02-19 23:21:52,2023-02-20 00:41:52
196,4,2023-02-20 04:47:07,2023-02-20 06:10:07
197,3,2023-02-20 19:43:06,2023-02-20 21:00:06
198,2,2023-02-20 21:22:06,2023-02-20 22:26:06
199,5,2023-02-21 00:59:37,2023-02-21 02:02:37
200,2,2023-02-21 03:32:29,2023-02-21 04:49:29
201,6,2023-02-21 20:11:43,2023-02-21 21:20:43
202,4,2023-02-21 21:17:05,2023-02-21 22:28:05
203,1,2023-02-21 22:41:21,2023-02-22 00:05:21
204,3,2023-02-22 01:40:43,2023-02-22 02:47:43
205,6,2023-02-22 15:27:01,2023-02-22 16:49:01
206,5,2023-02-23 04:56:48,2023-02-23 05:41:48
207,1,2023-02-23 07:57:43,2023-02-23 08:56:43
208,2,2023-02-23 18:54:15,2023-02-23 20:15:15
209,4,2023-02-23 19:37:30,2023-02-23 20:45:30
210,3,2023-02-23 19:45:40,2023-02-23 20:53:40
211,1,2023-02-24 10:20:16,2023-02-24 11:36:16
212,5,2023-02-24 11:20:45,2023-02-24 12:37:45
213,6,2023-02-24 20:45:56,2023-02-24 22:07:56
214,4,2023-02-24 21:21:02,2023-02-24 22:44:02
215,3,2023-02-25 08:27:03,2023-02-25 09:39:03
216,2,2023-02-25 15:33:24,2023-02-25 16:42:24
217,5,2023-02-25 19:12:50,2023-02-25 20:33:50
218,2,2023-02-26 12:10:09,2023-02-26 13:32:09
219,6,2023-02-26 21:46:31,2023-02-26 23:04:31
220,4,2023-02-26 23:13:05,2023-02-27 00:26:05
221,1,2023-02-27 09:46:16,2023-02-27 10:51:16
222,3,2023-02-27 13:40:07,2023-02-27 14:54:07
223,6,2023-02-27 18:39:35,2023-02-27 20:02:35
224,5,2023-02-28 10:28:53,2023-02-28 11:46:53
225,1,2023-02-28 17:30:34,2023-02-28 18:50:34
226,2,2023-02-28 17:37:01,2023-02-28 18:54:01
227,4,2023-02-28 20:03:33,2023-02-28 21:05:33
228,3,2023-03-01 11:25:01,2023-03-01 12:25:01
229,1,2023-03-02 02:56:49,2023-03-02 04:16:49
230,5,2023-03-02 07:40:18,2023-03-02 08:58:18
231,6,2023-03-02 09:38:12,2023-03-02 10:52:12
232,4,2023-03-02 09:54:21,2023-03-02 11:17:21
233,3,2023-03-02 15:28:01,2023-03-02 16:44:01
234,2,2023-03-03 13:33:14,2023-03-03 14:53:14
235,5,2023-03-03 15:28:25,2023-03-03 16:49:25
236,2,2023-03-03 18:53:22,2023-03-03 20:09:22
237,6,2023-03-04 05:54:50,2023-03-04 06:56:50
238,4,2023-03-04 08:40:51,2023-03-04 09:50:51
239,1,2023-03-04 09:33:52,2023-03-04 10:59:52
240,3,2023-03-04 13:28:22,2023-03-04 14:24:22
241,6,2023-03-04 14:00:50,2023-03-04 15:04:50
242,5,2023-03-04 14:54:21,2023-03-04 16:06:21
243,1,2023-03-04 21:08:04,2023-03-04 22:32:04
244,2,2023-03-05 01:38:19,2023-03-05 03:04:19
245,4,2023-03-05 07:26:29,2023-03-05 08:32:29
246,3,2023-03-05 10:43:33,2023-03-05 12:08:33
247,1,2023-03-05 18:57:17,2023-03-05 19:56:17
248,5,2023-03-06 02:55:40,2023-03-06 04:13:40
249,6,2023-03-06 06:05:04,2023-03-06 07:24:04
250,4,2023-03-06 08:16:07,2023-03-06 09:21:07
251,3,2023-03-07 00:20:24,2023-03-07 01:33:24
252,2,2023-03-07 08:24:23,2023-03-07 09:47:23
253,5,2023-03-07 09:06:56,2023-03-07 10:30:56
254,2,2023-03-07 14:51:39,2023-03-07 16:12:39
255,6,2023-03-07 20:18:35,2023-03-07 21:31:35
256,4,2023-03-07 20:58:22,2023-03-07 22:16:22
257,1,2023-03-08 00:27:44,2023-03-08 01:54:44
258,3,2023-03-08 02:31:50,2023-03-08 03:46:50
259,6,2023-03-08 04:18:22,2023-03-08 05:27:22
260,5,2023-03-09 06:41:22,2023-03-09 07:56:22
261,1,2023-03-09 11:10:57,2023-03-09 12:23:57
262,2,2023-03-09 18:14:07,2023-03-09 19:21:07
263,4,2023-03-10 00:34:17,2023-03-10 01:57:17
264,3,2023-03-10 00:43:34,2023-03-10 01:58:34
265,1,2023-03-10 03:40:59,2023-03-10 05:03:59
266,5,2023-03-10 10:52:06,2023-03-10 12:04:06
267,6,2023-03-10 12:39:21,2023-03-10 13:52:21
268,4,2023-03-11 01:48:43,2023-03-11 02:43:43
269,3,2023-03-12 04:52:07,2023-03-12 06:03:07
270,2,2023-03-12 05:46:43,2023-03-12 06:53:43
271,5,2023-03-12 23:42:51,2023-03-13 01:09:51
272,2,2023-03-13 01:23:23,2023-03-13 02:36:23
273,6,2023-03-13 05:22:49,2023-03-13 06:43:49
274,4,2023-03-13 16:31:48,2023-03-13 17:38:48
275,1,2023-03-14 00:50:03,2023-03-14 01:53:03
276,3,2023-03-14 01:31:06,2023-03-14 02:43:06
277,6,2023-03-14 06:11:04,2023-03-14 07:09:04
278,5,2023-03-14 20:00:08,2023-03-14 21:22:08
279,1,2023-03-14 21:37:07,2023-03-14 22:49:07
280,2,2023-03-15 04:42:57,2023-03-15 05:58:57
281,4,2023-03-15 10:05:37,2023-03-15 11:27:37
282,3,2023-03-15 12:16:57,2023-03-15 13:41:57
283,1,2023-03-15 23:25:51,2023-03-16 00:35:51
284,5,2023-03-16 00:24:48,2023-03-16 01:30:48
285,6,2023-03-16 05:13:11,2023-03-16 06:25:11
286,4,2023-03-16 22:42:39,2023-03-17 00:14:39
287,3,2023-03-16 23:30:24,2023-03-17 01:00:24
288,2,2023-03-18 04:52:14,2023-03-18 06:13:14
289,5,2023-03-18 04:59:17,2023-03-18 06:07:17
290,2,2023-03-18 14:35:22,2023-03-18 15:43:22
291,6,2023-03-18 15:08:03,2023-03-18 16:37:03
292,4,2023-03-18 20:46:32,2023-03-18 22:00:32
293,1,2023-03-19 03:50:01,2023-03-19 05:06:01
294,3,2023-03-19 12:20:07,2023-03-19 13:28:07
295,6,2023-03-19 15:32:33,2023-03-19 16:55:33
296,5,2023-03-19 19:24:24,2023-03-19 20:38:24
297,1,2023-03-19 22:44:56,2023-03-20 00:12:56
298,2,2023-03-20 02:45:38,2023-03-20 03:53:38
299,4,2023-03-20 06:27:58,2023-03-20 07:46:58
300,3,2023-03-20 07:56:36,2023-03-20 09:00:36
301,1,2023-03-20 13:01:03,2023-03-20 14:29:03
302,5,2023-03-20 15:25:16,2023-03-20 16:32:16
303,6,2023-03-21 00:15:53,2023-03-21 01:17:53
304,4,2023-03-21 16:50:09,2023-03-21 18:04:09
305,3,2023-03-23 05:49:37,2023-03-23 07:12:37
306,2,2023-03-23 07:23:49,2023-03-23 08:34:49
307,5,2023-03-23 08:38:45,2023-03-23 09:48:45
308,2,2023-03-23 16:42:36,2023-03-23 17:55:36
309,6,2023-03-24 01:27:07,2023-03-24 02:26:07
310,4,2023-03-24 04:34:22,2023-03-24 05:56:22
311,1,2023-03-24 17:30:59,2023-03-24 18:45:59
312,3,2023-03-25 04:58:49,2023-03-25 06:23:49
313,6,2023-03-25 08:18:20,2023-03-25 09:33:20
314,5,2023-03-25 13:25:37,2023-03-25 14:44:37
315,1,2023-03-25 15:53:39,2023-03-25 17:22:39
316,2,2023-03-27 03:26:53,2023-03-27 04:49:53
317,4,2023-03-27 07:29:02,2023-03-27 08:42:02
318,3,2023-03-27 08:39:33,2023-03-27 09:46:33
319,1,2023-03-27 08:50:17,2023-03-27 10:07:17
320,5,2023-03-27 15:24:49,2023-03-27 16:55:49
321,6,2023-03-29 08:37:19,2023-03-29 10:03:19
322,4,2023-03-29 10:18:07,2023-03-29 11:16:07
323,3,2023-03-29 11:05:58,2023-03-29 12:41:58
324,2,2023-03-29 19:57:01,2023-03-29 21:25:01
325,5,2023-03-30 01:00:24,2023-03-30 02:19:24
326,2,2023-03-30 02:21:36,2023-03-30 03:40:36
327,6,2023-03-30 04:00:36,2023-03-30 05:31:36
328,4,2023-03-30 13:47:56,2023-03-30 15:00:56
329,1,2023-03-30 18:55:20,2023-03-30 20:18:20
330,3,2023-03-31 04:05:14,2023-03-31 05:16:14
331,6,2023-03-31 22:15:19,2023-03-31 23:31:19
332,5,2023-04-01 05:10:24,2023-04-01 06:34:24
333,1,2023-04-01 12:39:32,2023-04-01 13:56:32
334,2,2023-04-01 20:20:58,2023-04-01 21:32:58
335,4,2023-04-02 01:52:13,2023-04-02 03:19:13
336,3,2023-04-02 11:21:06,2023-04-02 13:00:06
337,1,2023-04-02 15:47:43,2023-04-02 17:11:43
338,5,2023-04-03 09:54:24,2023-04-03 11:17:24
339,6,2023-04-03 20:37:53,2023-04-03 21:37:53
340,4,2023-04-03 21:03:29,2023-04-03 22:25:29
341,3,2023-04-03 23:36:58,2023-04-04 00:52:58
342,2,2023-04-03 23:56:49,2023-04-04 01:06:49
343,5,2023-04-04 01:25:41,2023-04-04 02:19:41
344,2,2023-04-04 03:37:03,2023-04-04 04:54:03
345,6,2023-04-04 14:19:40,2023-04-04 15:31:40
346,4,2023-04-04 20:38:30,2023-04-04 21:57:30
347,1,2023-04-05 03:47:33,2023-04-05 05:06:33
348,3,2023-04-05 05:02:57,2023-04-05 06:13:57
349,6,2023-04-05 12:55:22,2023-04-05 14:03:22
350,5,2023-04-05 14:51:37,2023-04-05 15:52:37
351,1,2023-04-05 22:10:39,2023-04-05 23:39:39
352,2,2023-04-06 08:17:25,2023-04-06 09:41:25
353,4,2023-04-07 07:41:20,2023-04-07 09:09:20
354,3,2023-04-07 07:51:29,2023-04-07 09:03:29
355,1,2023-04-08 01:49:56,2023-04-08 02:54:56
356,5,2023-04-08 10:12:47,2023-04-08 11:46:47
357,6,2023-04-09 00:17:23,2023-04-09 01:30:23
358,4,2023-04-09 02:32:24,2023-04-09 03:52:24
359,3,2023-04-09 04:36:12,2023-04-09 05:58:12
360,2,2023-04-09 12:36:15,2023-04-09 13:55:15
361,5,2023-04-09 14:20:58,2023-04-09 15:25:58
362,2,2023-04-09 21:05:19,2023-04-09 22:16:19
363,6,2023-04-10 05:54:24,2023-04-10 07:08:24
364,4,2023-04-10 07:46:23,2023-04-10 09:00:23
365,1,2023-04-10 13:52:20,2023-04-10 14:51:20
366,3,2023-04-10 20:05:07,2023-04-10 20:55:07
367,6,2023-04-11 04:47:09,2023-04-11 06:01:09
368,5,2023-04-11 05:25:33,2023-04-11 06:48:33
369,1,2023-04-11 20:00:33,2023-04-11 21:14:33
370,2,2023-04-12 16:23:58,2023-04-12 17:38:58
371,4,2023-04-12 19:09:02,2023-04-12 20:22:02
372,3,2023-04-13 08:17:58,2023-04-13 09:49:58
373,1,2023-04-13 10:16:17,2023-04-13 11:15:17
374,5,2023-04-13 18:25:58,2023-04-13 19:25:58
375,6,2023-04-14 17:37:41,2023-04-14 19:11:41
376,4,2023-04-15 05:38:11,2023-04-15 06:50:11
377,3,2023-04-15 06:12:06,2023-04-15 07:22:06
378,2,2023-04-15 14:05:09,2023-04-15 15:13:09
379,5,2023-04-15 15:24:33,2023-04-15 16:26:33
380,2,2023-04-15 16:19:58,2023-04-15 17:40:58
381,6,2023-04-16 00:30:22,2023-04-16 01:50:22
382,4,2023-04-16 09:41:39,2023-04-16 11:09:39
383,1,2023-04-16 11:07:27,2023-04-16 12:33:27
384,3,2023-04-16 16:09:42,2023-04-16 17:23:42
385,6,2023-04-16 23:50:57,2023-04-17 01:18:57
386,5,2023-04-16 23:54:42,2023-04-17 01:24:42
387,1,2023-04-17 00:02:22,2023-04-17 01:08:22
388,2,2023-04-17 02:03:33,2023-04-17 03:22:33
389,4,2023-04-17 10:36:00,2023-04-17 11:47:00
390,3,2023-04-17 12:15:26,2023-04-17 13:21:26
391,1,2023-04-17 15:40:47,2023-04-17 16:55:47
392,5,2023-04-17 18:38:55,2023-04-17 19:56:55
393,6,2023-04-17 22:51:14,2023-04-17 23:56:14
394,4,2023-04-18 16:18:45,2023-04-18 17:29:45
395,3,2023-04-18 23:56:29,2023-04-19 01:04:29
396,2,2023-04-20 01:54:03,2023-04-20 03:13:03
397,5,2023-04-20 06:07:57,2023-04-20 07:11:57
398,2,2023-04-20 20:48:24,2023-04-20 21:39:24
399,6,2023-04-21 02:10:51,2023-04-21 03:28:51
400,4,2023-04-21 02:24:00,2023-04-21 03:33:00
401,1,2023-04-21 06:13:38,2023-04-21 07:50:38
402,3,2023-04-21 15:05:45,2023-04-21 16:26:45
403,6,2023-04-22 09:01:58,2023-04-22 10:20:58
404,5,2023-04-22 09:23:51,2023-04-22 10:33:51
405,1,2023-04-22 13:52:00,2023-04-22 15:03:00
406,2,2023-04-22 14:36:07,2023-04-22 15:44:07
407,4,2023-04-22 16:09:44,2023-04-22 17:43:44
408,3,2023-04-22 17:04:16,2023-04-22 18:18:16
409,1,2023-04-22 21:13:02,2023-04-22 22:28:02
410,5,2023-04-22 22:24:13,2023-04-22 23:48:13
411,6,2023-04-23 03:40:54,2023-04-23 04:41:54
412,4,2023-04-23 16:57:16,2023-04-23 18:08:16
413,3,2023-04-24 02:32:57,2023-04-24 03:52:57
414,2,2023-04-24 06:21:28,2023-04-24 07:50:28
415,5,2023-04-24 22:27:57,2023-04-24 23:40:57
416,2,2023-04-25 02:25:30,2023-04-25 03:41:30
417,6,2023-04-25 05:15:26,2023-04-25 06:32:26
418,4,2023-04-25 05:18:00,2023-04-25 06:30:00
419,1,2023-04-25 09:58:35,2023-04-25 11:30:35
420,3,2023-04-25 10:48:08,2023-04-25 12:00:08
421,6,2023-04-25 11:10:02,2023-04-25 12:22:02
422,5,2023-04-25 11:12:20,2023-04-25 12:28:20
423,1,2023-04-25 17:04:04,2023-04-25 18:18:04
424,2,2023-04-25 19:06:31,2023-04-25 20:28:31
425,4,2023-04-26 04:32:37,2023-04-26 05:54:37
426,3,2023-04-26 18:13:19,2023-04-26 19:39:19
427,1,2023-04-27 02:47:57,2023-04-27 03:55:57
428,5,2023-04-27 06:00:09,2023-04-27 07:06:09
429,6,2023-04-27 08:41:00,2023-04-27 10:03:00
430,4,2023-04-28 17:03:05,2023-04-28 18:34:05
431,3,2023-04-28 17:18:45,2023-04-28 18:35:45
432,2,2023-04-29 06:15:54,2023-04-29 07:26:54
433,5,2023-04-29 06:44:41,2023-04-29 08:04:41
434,2,2023-04-29 11:00:53,2023-04-29 12:14:53
435,6,2023-04-29 17:44:18,2023-04-29 19:04:18
436,4,2023-04-30 00:56:28,2023-04-30 02:09:28
437,1,2023-04-30 04:07:45,2023-04-30 05:21:45
438,3,2023-04-30 06:40:06,2023-04-30 07:54:06
439,6,2023-04-30 07:00:37,2023-04-30 08:26:37
440,5,2023-04-30 11:04:06,2023-04-30 12:24:06
441,1,2023-04-30 16:34:16,2023-04-30 18:01:16
442,2,2023-05-01 04:32:49,2023-05-01 05:54:49
443,4,2023-05-01 16:08:21,2023-05-01 17:34:21
444,3,2023-05-01 18:24:16,2023-05-01 19:23:16
445,1,2023-05-02 01:39:43,2023-05-02 02:58:43
446,5,2023-05-02 04:48:14,2023-05-02 06:08:14
447,6,2023-05-02 05:33:59,2023-05-02 06:55:59
448,4,2023-05-02 06:26:42,2023-05-02 07:26:42
449,3,2023-05-02 08:59:37,2023-05-02 10:15:37
450,2,2023-05-02 12:16:57,2023-05-02 13:17:57
451,5,2023-05-02 13:25:20,2023-05-02 14:38:20
452,2,2023-05-02 13:36:33,2023-05-02 14:50:33
453,6,2023-05-02 20:13:34,2023-05-02 21:35:34
454,4,2023-05-02 21:10:32,2023-05-02 22:14:32
455,1,2023-05-03 00:32:31,2023-05-03 01:43:31
456,3,2023-05-03 02:42:27,2023-05-03 03:39:27
457,6,2023-05-03 08:33:54,2023-05-03 09:49:54
458,5,2023-05-03 16:23:02,2023-05-03 17:48:02
459,1,2023-05-04 01:35:30,2023-05-04 02:40:30
460,2,2023-05-04 02:28:34,2023-05-04 03:45:34
461,4,2023-05-04 05:03:25,2023-05-04 06:20:25
462,3,2023-05-04 07:37:45,2023-05-04 08:48:45
463,1,2023-05-04 20:00:07,2023-05-04 21:18:07
464,5,2023-05-04 21:23:17,2023-05-04 22:46:17
465,6,2023-05-05 19:22:23,2023-05-05 20:42:23
466,4,2023-05-05 21:12:22,2023-05-05 22:31:22
467,3,2023-05-05 21:59:06,2023-05-05 23:29:06
468,2,2023-05-06 09:05:39,2023-05-06 10:24:39
469,5,2023-05-06 10:14:44,2023-05-06 11:23:44
470,2,2023-05-06 19:46:52,2023-05-06 20:51:52
471,6,2023-05-06 21:51:10,2023-05-06 23:14:10
472,4,2023-05-07 03:35:08,2023-05-07 05:03:08
473,1,2023-05-07 13:25:44,2023-05-07 14:51:44
474,3,2023-05-07 14:09:44,2023-05-07 15:19:44
475,6,2023-05-07 16:01:19,2023-05-07 17:04:19
476,5,2023-05-07 19:40:45,2023-05-07 20:54:45
477,1,2023-05-07 20:14:48,2023-05-07 21:32:48
478,2,2023-05-08 02:37:42,2023-05-08 03:56:42
479,4,2023-05-08 08:43:02,2023-05-08 10:12:02
480,3,2023-05-08 11:08:38,2023-05-08 12:16:38
481,1,2023-05-08 13:58:06,2023-05-08 15:14:06
482,5,2023-05-08 15:56:56,2023-05-08 17:08:56
483,6,2023-05-08 19:14:46,2023-05-08 20:19:46
484,4,2023-05-09 02:11:16,2023-05-09 03:23:16
485,3,2023-05-09 05:14:56,2023-05-09 06:22:56
486,2,2023-05-09 06:37:24,2023-05-09 07:56:24
487,5,2023-05-10 00:34:57,2023-05-10 01:47:57
488,2,2023-05-10 18:12:58,2023-05-10 19:25:58
489,6,2023-05-11 00:56:57,2023-05-11 02:17:57
490,4,2023-05-11 03:05:30,2023-05-11 04:17:30
491,1,2023-05-11 16:04:36,2023-05-11 17:38:36
492,3,2023-05-11 18:42:20,2023-05-11 19:43:20
493,6,2023-05-12 05:41:53,2023-05-12 06:56:53
494,5,2023-05-12 16:45:15,2023-05-12 18:15:15
495,1,2023-05-13 13:55:33,2023-05-13 15:22:33
496,2,2023-05-13 23:59:59,2023-05-14 00:55:59
497,4,2023-05-14 01:35:18,2023-05-14 02:48:18
498,3,2023-05-14 01:42:27,2023-05-14 02:57:27
499,1,2023-05-14 11:27:34,2023-05-14 12:42:34
500,5,2023-05-14 13:07:24,2023-05-14 14:28:24
501,6,2023-05-14 14:40:55,2023-05-14 16:06:55
502,4,2023-05-14 15:15:41,2023-05-14 16:28:41
503,3,2023-05-15 00:28:56,2023-05-15 01:51:56
504,2,2023-05-15 13:06:58,2023-05-15 14:14:58
505,5,2023-05-15 20:06:14,2023-05-15 21:17:14
506,2,2023-05-16 06:33:58,2023-05-16 08:06:58
507,6,2023-05-16 14:26:51,2023-05-16 15:35:51
508,4,2023-05-17 00:59:46,2023-05-17 02:12:46
509,1,2023-05-18 01:05:37,2023-05-18 02:14:37
510,3,2023-05-18 06:45:23,2023-05-18 08:04:23
511,6,2023-05-18 07:49:39,2023-05-18 09:15:39
512,5,2023-05-19 09:04:37,2023-05-19 10:26:37
513,1,2023-05-19 11:22:24,2023-05-19 12:40:24
514,2,2023-05-19 12:09:29,2023-05-19 13:28:29
515,4,2023-05-19 13:23:24,2023-05-19 14:44:24
516,3,2023-05-20 05:40:40,2023-05-20 06:59:40
517,1,2023-05-20 20:53:34,2023-05-20 22:15:34
518,5,2023-05-21 01:17:43,2023-05-21 02:37:43
519,6,2023-05-21 12:09:46,2023-05-21 13:25:46
520,4,2023-05-21 12:55:48,2023-05-21 13:56:48
521,3,2023-05-21 13:33:07,2023-05-21 14:51:07
522,2,2023-05-21 14:33:58,2023-05-21 15:38:58
523,5,2023-05-21 22:35:34,2023-05-22 00:02:34
524,2,2023-05-22 03:41:22,2023-05-22 05:12:22
525,6,2023-05-22 16:55:09,2023-05-22 18:12:09
526,4,2023-05-22 23:57:16,2023-05-23 01:32:16
527,1,2023-05-23 01:59:58,2023-05-23 03:17:58
528,3,2023-05-23 15:20:24,2023-05-23 16:36:24
529,6,2023-05-24 02:58:58,2023-05-24 04:03:58
530,5,2023-05-24 12:12:26,2023-05-24 13:02:26
531,1,2023-05-24 20:21:36,2023-05-24 21:33:36
532,2,2023-05-24 22:46:19,2023-05-24 23:54:19
533,4,2023-05-25 03:00:27,2023-05-25 04:20:27
534,3,2023-05-25 08:09:02,2023-05-25 09:31:02
535,1,2023-05-25 11:48:24,2023-05-25 13:08:24
536,5,2023-05-25 16:46:22,2023-05-25 17:59:22
537,6,2023-05-25 18:34:31,2023-05-25 19:40:31
538,4,2023-05-25 20:03:32,2023-05-25 21:09:32
539,3,2023-05-26 08:37:40,2023-05-26 09:44:40
540,2,2023-05-26 10:04:09,2023-05-26 11:10:09
541,5,2023-05-26 13:26:43,2023-05-26 14:52:43
542,2,2023-05-26 14:59:52,2023-05-26 16:06:52
543,6,2023-05-27 02:44:54,2023-05-27 03:56:54
544,4,2023-05-27 03:36:10,2023-05-27 04:42:10
545,1,2023-05-27 06:27:48,2023-05-27 07:25:48
546,3,2023-05-27 17:18:04,2023-05-27 18:32:04
547,6,2023-05-27 17:53:19,2023-05-27 19:09:19
548,5,2023-05-28 02:11:58,2023-05-28 03:09:58
549,1,2023-05-28 06:24:29,2023-05-28 07:30:29
550,2,2023-05-28 11:34:17,2023-05-28 12:27:17
551,4,2023-05-28 13:51:16,2023-05-28 14:59:16
552,3,2023-05-28 15:49:30,2023-05-28 17:02:30
553,1,2023-05-28 23:40:45,2023-05-29 00:46:45
554,5,2023-05-29 04:52:27,2023-05-29 06:11:27
555,6,2023-05-29 07:09:43,2023-05-29 08:21:43
556,4,2023-05-29 07:19:52,2023-05-29 08:22:52
557,3,2023-05-29 07:31:32,2023-05-29 08:45:32
558,2,2023-05-29 10:02:52,2023-05-29 11:46:52
559,5,2023-05-29 14:40:17,2023-05-29 16:02:17
560,2,2023-05-29 20:57:04,2023-05-29 22:16:04
561,6,2023-05-30 10:55:08,2023-05-30 12:11:08
562,4,2023-05-30 12:53:26,2023-05-30 14:02:26
563,1,2023-05-31 06:27:34,2023-05-31 07:37:34
564,3,2023-05-31 08:40:56,2023-05-31 10:00:56
565,6,2023-05-31 11:12:47,2023-05-31 12:16:47
566,5,2023-05-31 13:32:00,2023-05-31 14:47:00
567,1,2023-05-31 15:17:12,2023-05-31 16:34:12
568,2,2023-06-01 04:18:17,2023-06-01 05:28:17
569,4,2023-06-01 11:15:28,2023-06-01 12:56:28
570,3,2023-06-01 16:53:56,2023-06-01 18:05:56
571,1,2023-06-01 19:00:46,2023-06-01 20:07:46
572,5,2023-06-02 08:25:04,2023-06-02 09:35:04
573,6,2023-06-02 10:33:22,2023-06-02 11:38:22
574,4,2023-06-03 01:46:18,2023-06-03 03:12:18
575,3,2023-06-03 03:48:20,2023-06-03 05:04:20
576,2,2023-06-03 05:58:35,2023-06-03 07:31:35
577,5,2023-06-04 07:30:11,2023-06-04 08:43:11
578,2,2023-06-04 08:31:26,2023-06-04 09:49:26
579,6,2023-06-04 08:57:26,2023-06-04 10:11:26
580,4,2023-06-04 15:13:40,2023-06-04 16:23:40
581,1,2023-06-04 18:37:19,2023-06-04 19:45:19
582,3,2023-06-05 04:35:50,2023-06-05 06:05:50
583,6,2023-06-05 15:44:53,2023-06-05 16:41:53
584,5,2023-06-05 19:37:11,2023-06-05 20:54:11
585,1,2023-06-05 23:31:06,2023-06-06 00:57:06
586,2,2023-06-06 00:32:06,2023-06-06 01:33:06
587,4,2023-06-06 03:41:40,2023-06-06 04:56:40
588,3,2023-06-06 17:44:25,2023-06-06 19:11:25
589,1,2023-06-06 19:59:35,2023-06-06 21:14:35
590,5,2023-06-06 22:58:12,2023-06-07 00:28:12
591,6,2023-06-07 10:23:25,2023-06-07 11:44:25
592,4,2023-06-08 07:50:53,2023-06-08 09:08:53
593,3,2023-06-08 08:38:22,2023-06-08 09:44:22
594,2,2023-06-08 20:59:44,2023-06-08 22:08:44
595,5,2023-06-09 00:05:57,2023-06-09 01:16:57
596,2,2023-06-09 06:13:22,2023-06-09 07:38:22
597,6,2023-06-09 11:26:12,2023-06-09 12:33:12
598,4,2023-06-09 15:04:11,2023-06-09 16:13:11
599,1,2023-06-10 05:18:44,2023-06-10 06:21:44
600,3,2023-06-10 05:26:33,2023-06-10 06:41:33
601,6,2023-06-10 14:28:03,2023-06-10 15:36:03
602,5,2023-06-10 23:09:51,2023-06-11 00:24:51
603,1,2023-06-11 01:32:20,2023-06-11 02:47:20
604,2,2023-06-11 03:51:20,2023-06-11 05:10:20
605,4,2023-06-11 10:51:09,2023-06-11 12:05:09
606,3,2023-06-11 12:31:45,2023-06-11 13:43:45
607,1,2023-06-11 15:27:42,2023-06-11 16:33:42
608,5,2023-06-12 03:00:54,2023-06-12 04:11:54
609,6,2023-06-12 05:13:40,2023-06-12 06:06:40
610,4,2023-06-12 14:52:14,2023-06-12 16:12:14
611,3,2023-06-12 17:58:45,2023-06-12 19:16:45
612,2,2023-06-12 23:06:15,2023-06-13 00:40:15
613,5,2023-06-13 00:58:29,2023-06-13 02:23:29
614,2,2023-06-13 05:54:00,2023-06-13 07:09:00
615,6,2023-06-13 07:07:17,2023-06-13 08:16:17
616,4,2023-06-13 15:11:43,2023-06-13 16:21:43
617,1,2023-06-14 18:43:38,2023-06-14 19:55:38
618,3,2023-06-15 03:19:05,2023-06-15 04:15:05
619,6,2023-06-15 22:07:52,2023-06-15 23:21:52
620,5,2023-06-16 01:50:53,2023-06-16 03:04:53
621,1,2023-06-16 14:52:57,2023-06-16 16:11:57
622,2,2023-06-16 17:00:43,2023-06-16 17:59:43
623,4,2023-06-16 18:41:06,2023-06-16 19:35:06
624,3,2023-06-17 00:11:23,2023-06-17 01:14:23
625,1,2023-06-17 04:43:49,2023-06-17 05:45:49
626,5,2023-06-17 18:08:53,2023-06-17 19:10:53
627,6,2023-06-19 06:56:46,2023-06-19 08:09:46
628,4,2023-06-19 11:33:52,2023-06-19 12:51:52
629,3,2023-06-19 19:02:50,2023-06-19 20:24:50
630,2,2023-06-20 10:51:23,2023-06-20 12:02:23
631,5,2023-06-20 13:45:33,2023-06-20 15:04:33
632,2,2023-06-21 00:43:07,2023-06-21 02:06:07
633,6,2023-06-21 03:46:00,2023-06-21 05:02:00
634,4,2023-06-21 13:51:46,2023-06-21 15:20:46
635,1,2023-06-22 08:03:11,2023-06-22 09:08:11
636,3,2023-06-23 06:46:04,2023-06-23 07:59:04
637,6,2023-06-23 23:20:01,2023-06-24 00:18:01
638,5,2023-06-24 10:35:47,2023-06-24 11:54:47
639,1,2023-06-24 11:52:34,2023-06-24 13:19:34
640,2,2023-06-24 22:30:38,2023-06-24 23:33:38
641,4,2023-06-25 01:29:21,2023-06-25 02:42:21
642,3,2023-06-25 03:49:30,2023-06-25 05:12:30
643,1,2023-06-25 10:00:06,2023-06-25 11:21:06
644,5,2023-06-25 14:52:22,2023-06-25 15:45:22
645,6,2023-06-25 23:03:49,2023-06-26 00:21:49
646,4,2023-06-26 00:50:54,2023-06-26 02:08:54
647,3,2023-06-26 07:46:23,2023-06-26 09:13:23
648,2,2023-06-26 11:13:32,2023-06-26 12:26:32
649,5,2023-06-27 03:34:20,2023-06-27 04:43:20
650,2,2023-06-27 05:20:06,2023-06-27 07:07:06
651,6,2023-06-27 05:44:17,2023-06-27 07:01:17
652,4,2023-06-27 06:07:09,2023-06-27 07:38:09
653,1,2023-06-27 08:00:44,2023-06-27 09:08:44
654,3,2023-06-27 17:25:09,2023-06-27 18:32:09
655,6,2023-06-27 23:35:59,2023-06-28 00:48:59
656,5,2023-06-28 06:29:05,2023-06-28 07:33:05
657,1,2023-06-29 02:34:16,2023-06-29 03:48:16
658,2,2023-06-29 03:07:56,2023-06-29 04:29:56
659,4,2023-06-29 04:29:39,2023-06-29 05:39:39
660,3,2023-06-29 13:28:56,2023-06-29 14:43:56
661,1,2023-06-29 14:39:56,2023-06-29 15:48:56
662,5,2023-06-29 19:47:22,2023-06-29 21:16:22
663,6,2023-06-29 20:08:18,2023-06-29 21:04:18
664,4,2023-06-29 22:22:21,2023-06-29 23:28:21
665,3,2023-06-30 13:33:58,2023-06-30 14:48:58
666,2,2023-06-30 13:57:10,2023-06-30 15:26:10
667,5,2023-06-30 23:21:27,2023-07-01 00:35:27
668,2,2023-07-01 06:18:27,2023-07-01 07:25:27
669,6,2023-07-01 10:35:05,2023-07-01 11:43:05
670,4,2023-07-01 13:55:21,2023-07-01 15:15:21
671,1,2023-07-01 20:30:35,2023-07-01 21:56:35
672,3,2023-07-01 23:07:13,2023-07-02 00:29:13
673,6,2023-07-02 02:21:18,2023-07-02 03:31:18
674,5,2023-07-02 05:22:33,2023-07-02 06:35:33
675,1,2023-07-02 08:26:35,2023-07-02 10:04:35
676,2,2023-07-02 09:31:44,2023-07-02 10:51:44
677,4,2023-07-02 12:30:45,2023-07-02 13:37:45
678,3,2023-07-02 16:35:12,2023-07-02 17:53:12
679,1,2023-07-02 17:43:47,2023-07-02 19:09:47
680,5,2023-07-02 18:00:31,2023-07-02 19:20:31
681,6,2023-07-03 00:45:54,2023-07-03 01:31:54
682,4,2023-07-03 03:41:54,2023-07-03 04:55:54
683,3,2023-07-03 04:30:33,2023-07-03 05:48:33
684,2,2023-07-03 14:18:24,2023-07-03 15:30:24
685,5,2023-07-03 14:28:50,2023-07-03 15:49:50
686,2,2023-07-03 20:28:38,2023-07-03 21:36:38
687,6,2023-07-04 01:21:54,2023-07-04 02:43:54
688,4,2023-07-04 09:19:02,2023-07-04 10:49:02
689,1,2023-07-04 10:49:58,2023-07-04 12:10:58
690,3,2023-07-04 14:57:22,2023-07-04 16:17:22
691,6,2023-07-04 17:55:25,2023-07-04 19:18:25
692,5,2023-07-05 05:18:09,2023-07-05 06:20:09
693,1,2023-07-05 05:43:06,2023-07-05 06:46:06
694,2,2023-07-05 08:00:32,2023-07-05 09:12:32
695,4,2023-07-05 08:53:40,2023-07-05 10:23:40
696,3,2023-07-05 09:43:47,2023-07-05 11:07:47
697,1,2023-07-05 11:54:24,2023-07-05 13:10:24
698,5,2023-07-05 12:12:45,2023-07-05 13:25:45
699,6,2023-07-05 15:50:18,2023-07-05 17:02:18
700,4,2023-07-06 12:52:20,2023-07-06 14:01:20
701,3,2023-07-06 21:50:15,2023-07-06 22:40:15
702,2,2023-07-07 09:06:55,2023-07-07 10:28:55
703,5,2023-07-07 13:34:32,2023-07-07 14:54:32
704,2,2023-07-07 17:23:09,2023-07-07 18:39:09
705,6,2023-07-07 23:54:44,2023-07-08 01:10:44
706,4,2023-07-08 01:33:37,2023-07-08 02:41:37
707,1,2023-07-08 03:19:38,2023-07-08 04:50:38
708,3,2023-07-09 01:33:03,2023-07-09 02:46:03
709,6,2023-07-09 09:28:09,2023-07-09 10:25:09
710,5,2023-07-09 11:33:30,2023-07-09 12:53:30
711,1,2023-07-09 13:34:15,2023-07-09 14:39:15
712,2,2023-07-09 18:33:03,2023-07-09 19:45:03
713,4,2023-07-09 22:37:58,2023-07-09 23:52:58
714,3,2023-07-10 04:11:35,2023-07-10 05:33:35
715,1,2023-07-10 09:32:21,2023-07-10 10:43:21
716,5,2023-07-10 11:25:48,2023-07-10 12:35:48
717,6,2023-07-10 12:02:32,2023-07-10 13:05:32
718,4,2023-07-11 01:35:42,2023-07-11 02:49:42
719,3,2023-07-11 03:29:43,2023-07-11 04:40:43
720,2,2023-07-11 04:56:10,2023-07-11 06:07:10
721,5,2023-07-11 09:23:37,2023-07-11 10:29:37
722,2,2023-07-11 16:20:33,2023-07-11 17:35:33
723,6,2023-07-12 03:31:45,2023-07-12 04:57:45
724,4,2023-07-12 04:08:24,2023-07-12 05:23:24
725,1,2023-07-12 05:10:32,2023-07-12 06:17:32
726,3,2023-07-13 00:55:57,2023-07-13 02:07:57
727,6,2023-07-13 03:21:40,2023-07-13 04:37:40
728,5,2023-07-13 05:21:40,2023-07-13 06:23:40
729,1,2023-07-13 12:39:48,2023-07-13 13:54:48
730,2,2023-07-13 13:27:34,2023-07-13 14:45:34
731,4,2023-07-13 13:32:42,2023-07-13 14:44:42
732,3,2023-07-13 15:51:59,2023-07-13 17:07:59
733,1,2023-07-14 17:32:56,2023-07-14 18:54:56
734,5,2023-07-15 00:11:42,2023-07-15 01:29:42
735,6,2023-07-15 06:18:33,2023-07-15 07:22:33
736,4,2023-07-15 17:54:10,2023-07-15 19:03:10
737,3,2023-07-15 19:52:05,2023-07-15 21:22:05
738,2,2023-07-16 03:40:34,2023-07-16 04:57:34
739,5,2023-07-16 12:41:17,2023-07-16 13:41:17
740,2,2023-07-17 00:04:04,2023-07-17 01:33:04
741,6,2023-07-17 10:30:06,2023-07-17 11:37:06
742,4,2023-07-17 12:00:51,2023-07-17 13:21:51
743,1,2023-07-18 03:22:30,2023-07-18 04:37:30
744,3,2023-07-18 07:29:22,2023-07-18 08:53:22
745,6,2023-07-18 23:49:26,2023-07-19 01:06:26
746,5,2023-07-19 02:21:12,2023-07-19 03:43:12
747,1,2023-07-19 12:53:57,2023-07-19 14:14:57
748,2,2023-07-19 16:02:27,2023-07-19 17:20:27
749,4,2023-07-19 22:56:11,2023-07-19 23:49:11
750,3,2023-07-20 03:10:19,2023-07-20 04:14:19
751,1,2023-07-20 09:35:00,2023-07-20 10:46:00
752,5,2023-07-20 12:27:09,2023-07-20 13:43:09
753,6,2023-07-20 13:37:18,2023-07-20 14:48:18
754,4,2023-07-21 16:38:58,2023-07-21 17:46:58
755,3,2023-07-22 12:47:38,2023-07-22 13:54:38
756,2,2023-07-22 17:38:05,2023-07-22 18:45:05
757,5,2023-07-22 22:12:02,2023-07-22 23:50:02
758,2,2023-07-23 00:04:08,2023-07-23 01:16:08
759,6,2023-07-23 00:49:24,2023-07-23 02:06:24
760,4,2023-07-23 07:08:16,2023-07-23 08:09:16
761,1,2023-07-23 10:29:28,2023-07-23 11:34:28
762,3,2023-07-23 18:45:28,2023-07-23 20:13:28
763,6,2023-07-23 22:42:15,2023-07-24 00:07:15
764,5,2023-07-24 16:26:11,2023-07-24 17:42:11
765,1,2023-07-24 20:48:21,2023-07-24 22:04:21
766,2,2023-07-24 23:33:02,2023-07-25 00:38:02
767,4,2023-07-25 05:22:54,2023-07-25 06:43:54
768,3,2023-07-25 11:46:30,2023-07-25 12:57:30
769,1,2023-07-25 12:44:58,2023-07-25 13:50:58
770,5,2023-07-25 15:47:25,2023-07-25 17:05:25
771,6,2023-07-25 19:34:29,2023-07-25 20:59:29
772,4,2023-07-25 20:46:33,2023-07-25 22:11:33
773,3,2023-07-26 06:11:48,2023-07-26 07:24:48
774,2,2023-07-26 06:31:34,2023-07-26 07:44:34
775,5,2023-07-26 07:57:16,2023-07-26 09:08:16
776,2,2023-07-26 09:21:10,2023-07-26 10:24:10
777,6,2023-07-26 13:46:19,2023-07-26 14:56:19
778,4,2023-07-26 14:56:11,2023-07-26 16:35:11
779,1,2023-07-26 17:38:57,2023-07-26 18:52:57
780,3,2023-07-27 02:10:41,2023-07-27 03:12:41
781,6,2023-07-27 06:40:15,2023-07-27 08:19:15
782,5,2023-07-27 10:40:29,2023-07-27 11:55:29
783,1,2023-07-28 04:36:17,2023-07-28 05:45:17
784,2,2023-07-28 10:10:31,2023-07-28 11:02:31
785,4,2023-07-28 17:59:35,2023-07-28 19:20:35
786,3,2023-07-29 15:54:08,2023-07-29 17:14:08
787,1,2023-07-29 17:21:27,2023-07-29 18:51:27
788,5,2023-07-30 01:58:47,2023-07-30 03:25:47
789,6,2023-07-30 09:11:48,2023-07-30 10:23:48
790,4,2023-07-31 15:28:16,2023-07-31 16:58:16
791,3,2023-07-31 16:02:08,2023-07-31 17:27:08
792,2,2023-08-01 01:59:48,2023-08-01 03:27:48
793,5,2023-08-01 13:00:12,2023-08-01 14:21:12
794,2,2023-08-01 14:31:22,2023-08-01 15:36:22
795,6,2023-08-01 14:40:01,2023-08-01 15:55:01
796,4,2023-08-02 08:56:00,2023-08-02 10:13:00
797,1,2023-08-03 04:50:17,2023-08-03 06:03:17
798,3,2023-08-03 10:43:55,2023-08-03 12:18:55
799,6,2023-08-03 19:51:32,2023-08-03 21:06:32
800,5,2023-08-04 06:26:25,2023-08-04 07:32:25
801,1,2023-08-04 07:34:28,2023-08-04 08:41:28
802,2,2023-08-04 15:57:41,2023-08-04 17:09:41
803,4,2023-08-04 18:51:20,2023-08-04 20:08:20
804,3,2023-08-05 00:49:38,2023-08-05 01:37:38
805,1,2023-08-05 07:45:33,2023-08-05 08:45:33
806,5,2023-08-05 12:24:46,2023-08-05 13:44:46
807,6,2023-08-05 14:07:09,2023-08-05 15:26:09
808,4,2023-08-06 03:34:39,2023-08-06 04:33:39
809,3,2023-08-07 02:29:56,2023-08-07 03:42:56
810,2,2023-08-07 04:53:43,2023-08-07 06:02:43
811,5,2023-08-07 05:01:22,2023-08-07 06:16:22
812,2,2023-08-07 05:16:26,2023-08-07 06:40:26
813,6,2023-08-07 07:22:35,2023-08-07 08:25:35
814,4,2023-08-07 15:09:06,2023-08-07 15:58:06
815,1,2023-08-07 21:00:26,2023-08-07 22:07:26
816,3,2023-08-08 08:19:29,2023-08-08 09:40:29
817,6,2023-08-08 12:26:14,2023-08-08 13:55:14
818,5,2023-08-09 14:21:02,2023-08-09 15:20:02
819,1,2023-08-09 23:59:11,2023-08-10 01:10:11
820,2,2023-08-10 02:24:57,2023-08-10 03:37:57
821,4,2023-08-10 04:39:19,2023-08-10 06:01:19
822,3,2023-08-10 04:57:22,2023-08-10 06:13:22
823,1,2023-08-10 07:48:53,2023-08-10 09:02:53
824,5,2023-08-10 12:05:44,2023-08-10 13:37:44
825,6,2023-08-10 18:38:01,2023-08-10 19:50:01
826,4,2023-08-10 21:48:43,2023-08-10 23:09:43
827,3,2023-08-11 13:48:38,2023-08-11 15:18:38
828,2,2023-08-11 15:00:49,2023-08-11 16:18:49
829,5,2023-08-11 19:04:45,2023-08-11 20:11:45
830,2,2023-08-11 22:30:32,2023-08-11 23:30:32
831,6,2023-08-12 04:03:35,2023-08-12 05:43:35
832,4,2023-08-12 23:31:45,2023-08-13 00:54:45
833,1,2023-08-13 01:15:41,2023-08-13 02:25:41
834,3,2023-08-13 08:56:52,2023-08-13 10:17:52
835,6,2023-08-13 12:03:08,2023-08-13 13:38:08
836,5,2023-08-13 19:34:17,2023-08-13 20:45:17
837,1,2023-08-14 12:03:22,2023-08-14 13:22:22
838,2,2023-08-14 12:25:53,2023-08-14 13:41:53
839,4,2023-08-14 22:10:44,2023-08-14 23:18:44
840,3,2023-08-15 04:21:21,2023-08-15 05:34:21
841,1,2023-08-15 08:41:00,2023-08-15 10:01:00
842,5,2023-08-15 20:27:40,2023-08-15 21:30:40
843,6,2023-08-15 23:59:38,2023-08-16 01:19:38
844,4,2023-08-16 01:38:20,2023-08-16 02:48:20
845,3,2023-08-16 03:56:10,2023-08-16 05:24:10
846,2,2023-08-16 06:12:07,2023-08-16 07:46:07
847,5,2023-08-16 08:09:35,2023-08-16 09:16:35
848,2,2023-08-16 12:44:36,2023-08-16 13:48:36
849,6,2023-08-16 13:25:44,2023-08-16 14:52:44
850,4,2023-08-16 17:46:09,2023-08-16 18:56:09
851,1,2023-08-16 17:49:24,2023-08-16 18:54:24
852,3,2023-08-17 05:00:39,2023-08-17 06:27:39
853,6,2023-08-17 06:06:39,2023-08-17 07:18:39
854,5,2023-08-19 17:37:30,2023-08-19 18:49:30
855,1,2023-08-19 18:17:11,2023-08-19 19:40:11
856,2,2023-08-20 00:03:57,2023-08-20 01:16:57
857,4,2023-08-20 12:17:36,2023-08-20 13:21:36
858,3,2023-08-20 18:49:09,2023-08-20 19:56:09
859,1,2023-08-21 22:12:53,2023-08-21 23:13:53
860,5,2023-08-22 04:40:25,2023-08-22 05:48:25
861,6,2023-08-22 07:46:05,2023-08-22 09:08:05
862,4,2023-08-22 15:37:52,2023-08-22 16:38:52
863,3,2023-08-22 17:09:26,2023-08-22 18:06:26
864,2,2023-08-22 17:18:18,2023-08-22 18:34:18
865,5,2023-08-22 17:33:10,2023-08-22 18:50:10
866,2,2023-08-23 01:17:47,2023-08-23 02:55:47
867,6,2023-08-23 06:08:38,2023-08-23 07:28:38
868,4,2023-08-23 07:48:17,2023-08-23 09:02:17
869,1,2023-08-23 18:37:07,2023-08-23 19:57:07
870,3,2023-08-23 23:55:34,2023-08-24 00:58:34
871,6,2023-08-24 02:45:49,2023-08-24 03:53:49
872,5,2023-08-24 03:47:07,2023-08-24 05:14:07
873,1,2023-08-24 05:27:04,2023-08-24 06:35:04
874,2,2023-08-24 06:10:19,2023-08-24 07:34:19
875,4,2023-08-24 13:15:20,2023-08-24 14:29:20
876,3,2023-08-24 21:15:54,2023-08-24 22:28:54
877,1,2023-08-25 08:36:49,2023-08-25 09:50:49
878,5,2023-08-26 04:23:35,2023-08-26 05:36:35
879,6,2023-08-26 12:46:09,2023-08-26 14:08:09
880,4,2023-08-26 16:39:13,2023-08-26 17:55:13
881,3,2023-08-26 18:14:39,2023-08-26 19:47:39
882,2,2023-08-26 20:36:08,2023-08-26 22:04:08
883,5,2023-08-26 23:43:40,2023-08-27 00:51:40
884,2,2023-08-27 00:32:30,2023-08-27 01:52:30
885,6,2023-08-27 21:59:47,2023-08-27 23:30:47
886,4,2023-08-28 09:27:28,2023-08-28 10:49:28
887,1,2023-08-29 02:20:22,2023-08-29 03:44:22
888,3,2023-08-29 11:23:28,2023-08-29 12:31:28
889,6,2023-08-30 00:07:56,2023-08-30 01:18:56
890,5,2023-08-30 21:20:19,2023-08-30 22:48:19
891,1,2023-08-31 01:29:21,2023-08-31 02:51:21
892,2,2023-08-31 02:38:24,2023-08-31 04:06:24
893,4,2023-08-31 09:25:37,2023-08-31 10:37:37
894,3,2023-08-31 13:44:27,2023-08-31 14:52:27
895,1,2023-08-31 15:37:24,2023-08-31 16:32:24
896,5,2023-08-31 17:13:09,2023-08-31 18:23:09
897,6,2023-08-31 19:55:42,2023-08-31 21:09:42
898,4,2023-08-31 22:27:03,2023-08-31 23:41:03
899,3,2023-09-01 07:26:58,2023-09-01 08:50:58
900,2,2023-09-01 07:58:27,2023-09-01 09:21:27
901,5,2023-09-01 09:59:41,2023-09-01 11:40:41
902,2,2023-09-01 14:29:47,2023-09-01 15:42:47
903,6,2023-09-01 20:11:06,2023-09-01 21:24:06
904,4,2023-09-01 20:55:07,2023-09-01 22:23:07
905,1,2023-09-01 22:04:03,2023-09-01 23:02:03
906,3,2023-09-02 00:35:10,2023-09-02 02:02:10
907,6,2023-09-02 03:12:00,2023-09-02 04:16:00
908,5,2023-09-02 13:02:39,2023-09-02 14:35:39
909,1,2023-09-02 23:05:55,2023-09-03 00:07:55
910,2,2023-09-03 03:36:03,2023-09-03 05:07:03
911,4,2023-09-03 05:13:57,2023-09-03 06:35:57
912,3,2023-09-03 15:10:19,2023-09-03 16:30:19
913,1,2023-09-03 17:48:40,2023-09-03 18:50:40
914,5,2023-09-03 18:59:52,2023-09-03 20:07:52
915,6,2023-09-04 03:07:54,2023-09-04 03:57:54
916,4,2023-09-04 08:08:17,2023-09-04 09:19:17
917,3,2023-09-04 10:20:28,2023-09-04 11:42:28
918,2,2023-09-05 16:57:52,2023-09-05 18:26:52
919,5,2023-09-05 17:05:31,2023-09-05 18:12:31
920,2,2023-09-05 22:35:50,2023-09-05 23:51:50
921,6,2023-09-07 00:45:08,2023-09-07 02:10:08
922,4,2023-09-07 00:47:02,2023-09-07 02:14:02
923,1,2023-09-07 03:16:53,2023-09-07 04:21:53
924,3,2023-09-07 11:18:24,2023-09-07 12:34:24
925,6,2023-09-07 23:01:59,2023-09-08 00:05:59
926,5,2023-09-08 15:38:38,2023-09-08 16:56:38
927,1,2023-09-09 05:59:46,2023-09-09 07:02:46
928,2,2023-09-09 12:50:50,2023-09-09 14:02:50
929,4,2023-09-09 17:19:25,2023-09-09 18:34:25
930,3,2023-09-10 01:21:04,2023-09-10 03:02:04
931,1,2023-09-10 04:19:51,2023-09-10 05:51:51
932,5,2023-09-10 06:50:27,2023-09-10 08:00:27
933,6,2023-09-10 09:37:49,2023-09-10 10:48:49
934,4,2023-09-10 21:34:33,2023-09-10 22:54:33
935,3,2023-09-11 02:57:25,2023-09-11 04:13:25
936,2,2023-09-11 05:35:30,2023-09-11 06:55:30
937,5,2023-09-11 07:56:36,2023-09-11 08:39:36
938,2,2023-09-11 12:52:57,2023-09-11 14:09:57
939,6,2023-09-11 19:25:51,2023-09-11 20:47:51
940,4,2023-09-11 19:31:47,2023-09-11 20:51:47
941,1,2023-09-11 20:52:09,2023-09-11 22:09:09
942,3,2023-09-12 11:33:58,2023-09-12 13:02:58
943,6,2023-09-12 11:34:43,2023-09-12 12:56:43
944,5,2023-09-12 17:33:33,2023-09-12 18:28:33
945,1,2023-09-12 17:51:17,2023-09-12 19:13:17
946,2,2023-09-12 22:25:27,2023-09-12 23:29:27
947,4,2023-09-13 07:00:12,2023-09-13 08:19:12
948,3,2023-09-13 09:30:50,2023-09-13 10:28:50
949,1,2023-09-13 12:18:39,2023-09-13 13:32:39
950,5,2023-09-13 17:07:44,2023-09-13 18:24:44
951,6,2023-09-13 20:25:20,2023-09-13 21:24:20
952,4,2023-09-13 23:38:02,2023-09-14 00:48:02
953,3,2023-09-14 06:02:49,2023-09-14 07:39:49
954,2,2023-09-14 14:38:55,2023-09-14 15:52:55
955,5,2023-09-14 17:29:58,2023-09-14 18:39:58
956,2,2023-09-15 13:56:51,2023-09-15 15:07:51
957,6,2023-09-15 16:31:08,2023-09-15 17:34:08
958,4,2023-09-16 09:39:31,2023-09-16 11:00:31
959,1,2023-09-16 18:19:28,2023-09-16 19:31:28
960,3,2023-09-17 01:57:26,2023-09-17 02:49:26
961,6,2023-09-17 02:54:00,2023-09-17 04:10:00
962,5,2023-09-17 19:30:21,2023-09-17 20:43:21
963,1,2023-09-17 20:11:35,2023-09-17 21:30:35
964,2,2023-09-18 04:29:51,2023-09-18 05:44:51
965,4,2023-09-18 14:32:40,2023-09-18 15:46:40
966,3,2023-09-18 18:52:37,2023-09-18 20:06:37
967,1,2023-09-18 22:56:52,2023-09-19 00:20:52
968,5,2023-09-19 00:39:23,2023-09-19 01:55:23
969,6,2023-09-19 01:00:03,2023-09-19 02:14:03
970,4,2023-09-19 01:25:27,2023-09-19 02:45:27
971,3,2023-09-19 02:27:49,2023-09-19 03:45:49
972,2,2023-09-19 05:10:09,2023-09-19 06:27:09
973,5,2023-09-19 07:02:51,2023-09-19 08:19:51
974,2,2023-09-19 08:12:03,2023-09-19 09:32:03
975,6,2023-09-19 13:22:42,2023-09-19 14:22:42
976,4,2023-09-19 17:06:53,2023-09-19 18:30:53
977,1,2023-09-20 01:08:38,2023-09-20 02:38:38
978,3,2023-09-20 01:43:31,2023-09-20 03:04:31
979,6,2023-09-20 16:45:13,2023-09-20 18:03:13
980,5,2023-09-21 01:08:14,2023-09-21 02:16:14
981,1,2023-09-21 03:24:45,2023-09-21 04:47:45
982,2,2023-09-21 06:18:56,2023-09-21 07:33:56
983,4,2023-09-21 14:28:16,2023-09-21 15:46:16
984,3,2023-09-22 07:24:12,2023-09-22 08:48:12
985,1,2023-09-22 18:41:59,2023-09-22 19:48:59
986,5,2023-09-23 06:17:08,2023-09-23 07:30:08
987,6,2023-09-23 09:48:33,2023-09-23 11:06:33
988,4,2023-09-23 15:01:07,2023-09-23 16:27:07
989,3,2023-09-23 15:46:39,2023-09-23 16:50:39
990,2,2023-09-23 17:33:50,2023-09-23 18:50:50
991,5,2023-09-24 08:21:55,2023-09-24 09:32:55
992,2,2023-09-24 09:02:32,2023-09-24 10:18:32
993,6,2023-09-24 13:03:05,2023-09-24 14:25:05
994,4,2023-09-24 20:00:55,2023-09-24 21:11:55
995,1,2023-09-24 20:40:08,2023-09-24 22:03:08
996,3,2023-09-24 22:10:30,2023-09-24 23:30:30
997,6,2023-09-25 03:32:09,2023-09-25 04:22:09
998,5,2023-09-25 11:32:40,2023-09-25 12:52:40
999,1,2023-09-25 12:00:03,2023-09-25 13:30:03
1000,2,2023-09-25 20:14:24,2023-09-25 21:31:24
1001,4,2023-09-26 03:15:32,2023-09-26 04:24:32
1002,3,2023-09-26 06:03:58,2023-09-26 07:12:58
1003,1,2023-09-26 06:44:28,2023-09-26 07:51:28
1004,5,2023-09-27 01:17:47,2023-09-27 02:47:47
1005,6,2023-09-27 08:09:52,2023-09-27 09:19:52
1006,4,2023-09-27 21:50:05,2023-09-27 22:56:05
1007,3,2023-09-28 01:09:26,2023-09-28 02:12:26
1008,2,2023-09-28 01:40:48,2023-09-28 02:59:48
1009,5,2023-09-28 04:07:05,2023-09-28 05:23:05
1010,2,2023-09-28 07:20:03,2023-09-28 08:31:03
1011,6,2023-09-28 13:48:41,2023-09-28 15:14:41
1012,4,2023-09-29 06:46:21,2023-09-29 08:11:21
1013,1,2023-09-29 12:06:32,2023-09-29 13:18:32
1014,3,2023-09-30 10:20:12,2023-09-30 11:46:12
1015,6,2023-09-30 22:20:45,2023-09-30 23:48:45
1016,5,2023-10-01 01:32:09,2023-10-01 02:39:09
1017,1,2023-10-01 04:03:41,2023-10-01 05:14:41
1018,2,2023-10-01 04:45:13,2023-10-01 06:03:13
1019,4,2023-10-01 08:28:51,2023-10-01 09:43:51
1020,3,2023-10-01 13:23:07,2023-10-01 14:27:07
1021,1,2023-10-01 19:12:02,2023-10-01 20:24:02
1022,5,2023-10-02 01:26:11,2023-10-02 02:42:11
1023,6,2023-10-02 15:11:09,2023-10-02 16:22:09
1024,4,2023-10-02 22:09:39,2023-10-02 23:14:39
1025,3,2023-10-02 23:39:59,2023-10-03 00:59:59
1026,2,2023-10-03 00:34:30,2023-10-03 02:09:30
1027,5,2023-10-03 01:44:23,2023-10-03 03:06:23
1028,2,2023-10-03 01:57:08,2023-10-03 03:25:08
1029,6,2023-10-03 06:20:37,2023-10-03 07:32:37
1030,4,2023-10-03 16:58:11,2023-10-03 18:08:11
1031,1,2023-10-03 20:49:08,2023-10-03 21:57:08
1032,3,2023-10-04 22:42:48,2023-10-04 23:48:48
1033,6,2023-10-05 05:16:43,2023-10-05 06:26:43
1034,5,2023-10-05 05:56:21,2023-10-05 07:03:21
1035,1,2023-10-05 11:07:01,2023-10-05 12:45:01
1036,2,2023-10-05 13:30:12,2023-10-05 14:35:12
1037,4,2023-10-05 22:41:20,2023-10-06 00:01:20
1038,3,2023-10-06 08:38:43,2023-10-06 10:06:43
1039,1,2023-10-06 15:48:39,2023-10-06 16:52:39
1040,5,2023-10-06 16:00:09,2023-10-06 17:18:09
1041,6,2023-10-06 23:40:37,2023-10-07 00:53:37
1042,4,2023-10-07 06:41:31,2023-10-07 08:16:31
1043,3,2023-10-07 13:33:17,2023-10-07 14:44:17
1044,2,2023-10-07 15:52:44,2023-10-07 16:48:44
1045,5,2023-10-07 16:04:46,2023-10-07 17:04:46
1046,2,2023-10-07 17:35:20,2023-10-07 19:00:20
1047,6,2023-10-07 21:04:28,2023-10-07 22:29:28
1048,4,2023-10-08 15:01:25,2023-10-08 16:16:25
1049,1,2023-10-08 15:22:42,2023-10-08 16:39:42
1050,3,2023-10-08 19:46:29,2023-10-08 20:49:29
1051,6,2023-10-08 22:17:03,2023-10-08 23:22:03
1052,5,2023-10-09 13:30:44,2023-10-09 14:35:44
1053,1,2023-10-09 15:33:04,2023-10-09 17:02:04
1054,2,2023-10-09 19:37:52,2023-10-09 20:44:52
1055,4,2023-10-09 22:04:20,2023-10-09 23:42:20
1056,3,2023-10-10 00:17:17,2023-10-10 01:18:17
1057,1,2023-10-10 17:39:40,2023-10-10 18:49:40
1058,5,2023-10-10 18:05:34,2023-10-10 19:05:34
1059,6,2023-10-11 03:58:00,2023-10-11 05:03:00
1060,4,2023-10-11 14:44:38,2023-10-11 16:01:38
1061,3,2023-10-11 20:29:01,2023-10-11 21:52:01
1062,2,2023-10-11 23:35:25,2023-10-12 00:29:25
1063,5,2023-10-12 04:06:17,2023-10-12 05:03:17
1064,2,2023-10-13 01:16:02,2023-10-13 02:45:02
1065,6,2023-10-13 14:42:49,2023-10-13 16:06:49
1066,4,2023-10-14 00:43:51,2023-10-14 01:41:51
1067,1,2023-10-14 05:32:53,2023-10-14 06:40:53
1068,3,2023-10-14 05:57:21,2023-10-14 07:31:21
1069,6,2023-10-14 06:14:37,2023-10-14 07:35:37
1070,5,2023-10-14 08:08:33,2023-10-14 09:17:33
1071,1,2023-10-15 00:32:28,2023-10-15 01:51:28
1072,2,2023-10-15 05:03:42,2023-10-15 06:04:42
1073,4,2023-10-15 05:35:03,2023-10-15 06:51:03
1074,3,2023-10-15 10:41:39,2023-10-15 11:57:39
1075,1,2023-10-15 14:31:34,2023-10-15 15:52:34
1076,5,2023-10-15 16:53:29,2023-10-15 17:41:29
1077,6,2023-10-15 20:18:29,2023-10-15 21:47:29
1078,4,2023-10-16 02:19:26,2023-10-16 03:18:26
1079,3,2023-10-16 02:34:19,2023-10-16 03:51:19
1080,2,2023-10-16 08:41:14,2023-10-16 10:10:14
1081,5,2023-10-16 13:18:17,2023-10-16 14:32:17
1082,2,2023-10-16 18:04:11,2023-10-16 19:34:11
1083,6,2023-10-16 21:03:49,2023-10-16 22:19:49
1084,4,2023-10-17 00:49:11,2023-10-17 02:09:11
1085,1,2023-10-17 03:12:17,2023-10-17 04:26:17
1086,3,2023-10-17 08:02:48,2023-10-17 08:56:48
1087,6,2023-10-17 10:23:17,2023-10-17 11:38:17
1088,5,2023-10-18 10:15:59,2023-10-18 12:02:59
1089,1,2023-10-18 17:39:13,2023-10-18 18:52:13
1090,2,2023-10-18 22:04:41,2023-10-18 23:34:41
1091,4,2023-10-19 03:49:03,2023-10-19 05:01:03
1092,3,2023-10-19 13:25:51,2023-10-19 14:37:51
1093,1,2023-10-19 18:44:31,2023-10-19 19:45:31
1094,5,2023-10-19 23:46:10,2023-10-20 00:42:10
1095,6,2023-10-20 10:06:52,2023-10-20 11:23:52
1096,4,2023-10-20 12:08:51,2023-10-20 13:32:51
1097,3,2023-10-20 13:13:13,2023-10-20 14:26:13
1098,2,2023-10-20 19:01:03,2023-10-20 20:19:03
1099,5,2023-10-21 13:28:18,2023-10-21 14:34:18
1100,2,2023-10-21 21:13:07,2023-10-21 22:22:07
1101,6,2023-10-21 23:43:31,2023-10-22 00:48:31
1102,4,2023-10-22 01:45:51,2023-10-22 03:01:51
1103,1,2023-10-22 18:15:46,2023-10-22 19:20:46
1104,3,2023-10-23 16:45:22,2023-10-23 18:19:22
1105,6,2023-10-23 18:53:39,2023-10-23 20:10:39
1106,5,2023-10-24 11:44:38,2023-10-24 13:19:38
1107,1,2023-10-24 17:00:09,2023-10-24 18:10:09
1108,2,2023-10-25 01:55:55,2023-10-25 02:56:55
1109,4,2023-10-25 06:22:23,2023-10-25 07:33:23
1110,3,2023-10-25 22:05:23,2023-10-25 23:10:23
1111,1,2023-10-26 07:11:59,2023-10-26 08:28:59
1112,5,2023-10-26 08:00:11,2023-10-26 09:28:11
1113,6,2023-10-26 19:25:40,2023-10-26 20:27:40
1114,4,2023-10-26 23:17:54,2023-10-27 00:30:54
1115,3,2023-10-28 04:35:13,2023-10-28 05:55:13
1116,2,2023-10-28 08:38:10,2023-10-28 09:40:10
1117,5,2023-10-28 09:09:54,2023-10-28 10:23:54
1118,2,2023-10-28 20:04:59,2023-10-28 21:13:59
1119,6,2023-10-29 07:16:18,2023-10-29 08:32:18
1120,4,2023-10-29 09:58:46,2023-10-29 11:12:46
1121,1,2023-10-29 10:32:21,2023-10-29 11:46:21
1122,3,2023-10-29 14:14:23,2023-10-29 15:25:23
1123,6,2023-10-29 14:52:35,2023-10-29 16:29:35
1124,5,2023-10-29 16:30:03,2023-10-29 17:52:03
1125,1,2023-10-30 01:18:33,2023-10-30 02:44:33
1126,2,2023-10-30 19:12:52,2023-10-30 20:24:52
1127,4,2023-10-31 02:25:42,2023-10-31 03:14:42
1128,3,2023-10-31 13:33:22,2023-10-31 14:40:22
1129,1,2023-10-31 17:14:59,2023-10-31 18:17:59
1130,5,2023-10-31 19:28:41,2023-10-31 20:51:41
1131,6,2023-11-01 20:24:30,2023-11-01 21:48:30
1132,4,2023-11-02 10:03:31,2023-11-02 11:11:31
1133,3,2023-11-03 01:26:41,2023-11-03 02:46:41
1134,2,2023-11-03 11:41:26,2023-11-03 12:51:26
1135,5,2023-11-03 14:24:20,2023-11-03 15:38:20
1136,2,2023-11-03 17:32:13,2023-11-03 18:42:13
1137,6,2023-11-03 17:39:00,2023-11-03 19:06:00
1138,4,2023-11-03 23:26:09,2023-11-04 00:43:09
1139,1,2023-11-04 08:49:36,2023-11-04 09:58:36
1140,3,2023-11-04 08:55:36,2023-11-04 09:53:36
1141,6,2023-11-04 15:31:40,2023-11-04 16:48:40
1142,5,2023-11-04 17:30:01,2023-11-04 18:56:01
1143,1,2023-11-04 21:16:20,2023-11-04 22:33:20
1144,2,2023-11-05 03:22:25,2023-11-05 04:34:25
1145,4,2023-11-05 08:19:27,2023-11-05 09:23:27
1146,3,2023-11-05 09:01:26,2023-11-05 10:16:26
1147,1,2023-11-05 11:44:15,2023-11-05 12:57:15
1148,5,2023-11-05 12:20:36,2023-11-05 13:44:36
1149,6,2023-11-05 13:25:37,2023-11-05 14:44:37
1150,4,2023-11-05 14:02:33,2023-11-05 15:15:33
1151,3,2023-11-05 16:50:11,2023-11-05 18:10:11
1152,2,2023-11-06 00:21:03,2023-11-06 01:29:03
1153,5,2023-11-06 05:44:21,2023-11-06 06:58:21
1154,2,2023-11-06 10:56:28,2023-11-06 11:58:28
1155,6,2023-11-06 12:52:55,2023-11-06 14:03:55
1156,4,2023-11-06 12:58:48,2023-11-06 14:00:48
1157,1,2023-11-06 17:24:08,2023-11-06 18:36:08
1158,3,2023-11-06 18:04:01,2023-11-06 19:17:01
1159,6,2023-11-06 21:24:30,2023-11-06 22:38:30
1160,5,2023-11-07 03:58:21,2023-11-07 05:28:21
1161,1,2023-11-07 13:43:34,2023-11-07 14:42:34
1162,2,2023-11-07 17:11:18,2023-11-07 18:11:18
1163,4,2023-11-07 19:33:09,2023-11-07 21:08:09
1164,3,2023-11-07 21:20:17,2023-11-07 22:42:17
1165,1,2023-11-07 23:41:51,2023-11-08 00:48:51
1166,5,2023-11-08 01:47:14,2023-11-08 03:07:14
1167,6,2023-11-08 04:48:33,2023-11-08 06:15:33
1168,4,2023-11-08 11:45:08,2023-11-08 13:00:08
1169,3,2023-11-08 11:46:29,2023-11-08 13:06:29
1170,2,2023-11-08 14:31:23,2023-11-08 15:35:23
1171,5,2023-11-09 11:21:02,2023-11-09 12:30:02
1172,2,2023-11-10 01:56:03,2023-11-10 03:19:03
1173,6,2023-11-10 04:46:09,2023-11-10 05:59:09
1174,4,2023-11-11 02:33:47,2023-11-11 03:22:47
1175,1,2023-11-11 06:05:42,2023-11-11 07:22:42
1176,3,2023-11-11 06:41:38,2023-11-11 08:03:38
1177,6,2023-11-11 16:10:57,2023-11-11 17:20:57
1178,5,2023-11-11 17:01:48,2023-11-11 18:11:48
1179,1,2023-11-12 05:30:59,2023-11-12 06:52:59
1180,2,2023-11-12 06:29:22,2023-11-12 07:46:22
1181,4,2023-11-12 06:46:52,2023-11-12 07:53:52
1182,3,2023-11-12 08:17:55,2023-11-12 09:11:55
1183,1,2023-11-12 22:03:15,2023-11-12 23:00:15
1184,5,2023-11-13 10:28:07,2023-11-13 11:43:07
1185,6,2023-11-13 16:19:02,2023-11-13 17:28:02
1186,4,2023-11-13 19:07:12,2023-11-13 20:20:12
1187,3,2023-11-13 19:19:51,2023-11-13 20:21:51
1188,2,2023-11-15 06:05:59,2023-11-15 07:21:59
1189,5,2023-11-15 06:38:02,2023-11-15 07:31:02
1190,2,2023-11-15 10:51:04,2023-11-15 12:16:04
1191,6,2023-11-15 15:47:23,2023-11-15 16:55:23
1192,4,2023-11-15 19:08:13,2023-11-15 20:23:13
1193,1,2023-11-16 21:46:50,2023-11-16 22:47:50
1194,3,2023-11-17 01:24:44,2023-11-17 02:37:44
1195,6,2023-11-17 04:12:38,2023-11-17 05:32:38
1196,5,2023-11-17 09:17:15,2023-11-17 10:43:15
1197,1,2023-11-17 18:52:04,2023-11-17 20:13:04
1198,2,2023-11-17 21:44:14,2023-11-17 23:01:14
1199,4,2023-11-18 02:19:42,2023-11-18 03:43:42
1200,3,2023-11-18 02:46:32,2023-11-18 03:55:32
1201,1,2023-11-18 04:41:11,2023-11-18 05:59:11
1202,5,2023-11-18 07:05:13,2023-11-18 08:18:13
1203,6,2023-11-18 19:31:41,2023-11-18 20:46:41
1204,4,2023-11-19 00:28:12,2023-11-19 01:38:12
1205,3,2023-11-19 19:10:42,2023-11-19 20:15:42
1206,2,2023-11-19 23:09:51,2023-11-20 00:13:51
1207,5,2023-11-20 16:18:01,2023-11-20 17:23:01
1208,2,2023-11-20 17:59:19,2023-11-20 19:04:19
1209,6,2023-11-20 20:13:50,2023-11-20 21:31:50
1210,4,2023-11-20 22:23:30,2023-11-20 23:37:30
1211,1,2023-11-21 09:04:59,2023-11-21 10:10:59
1212,3,2023-11-21 09:06:51,2023-11-21 10:29:51
1213,6,2023-11-21 13:27:26,2023-11-21 14:26:26
1214,5,2023-11-21 15:03:06,2023-11-21 16:20:06
1215,1,2023-11-21 15:32:14,2023-11-21 16:32:14
1216,2,2023-11-21 21:51:10,2023-11-21 23:11:10
1217,4,2023-11-21 22:15:29,2023-11-21 23:37:29
1218,3,2023-11-22 00:12:44,2023-11-22 01:31:44
1219,1,2023-11-22 08:32:45,2023-11-22 09:26:45
1220,5,2023-11-22 09:59:42,2023-11-22 11:01:42
1221,6,2023-11-22 14:57:27,2023-11-22 16:17:27
1222,4,2023-11-22 16:28:15,2023-11-22 17:38:15
1223,3,2023-11-22 17:14:04,2023-11-22 18:39:04
1224,2,2023-11-22 18:56:50,2023-11-22 20:17:50
1225,5,2023-11-22 20:13:52,2023-11-22 21:38:52
1226,2,2023-11-23 05:52:30,2023-11-23 07:07:30
1227,6,2023-11-23 17:05:23,2023-11-23 18:00:23
1228,4,2023-11-23 22:21:19,2023-11-23 23:48:19
1229,1,2023-11-24 06:25:05,2023-11-24 07:43:05
1230,3,2023-11-24 10:30:32,2023-11-24 12:00:32
1231,6,2023-11-24 15:23:45,2023-11-24 16:42:45
1232,5,2023-11-24 21:40:54,2023-11-24 23:04:54
1233,1,2023-11-24 23:31:47,2023-11-25 01:03:47
1234,2,2023-11-25 01:27:16,2023-11-25 02:46:16
1235,4,2023-11-25 02:59:05,2023-11-25 04:13:05
1236,3,2023-11-25 08:16:38,2023-11-25 09:23:38
1237,1,2023-11-25 14:27:25,2023-11-25 15:36:25
1238,5,2023-11-25 16:15:30,2023-11-25 17:40:30
1239,6,2023-11-26 02:17:15,2023-11-26 03:29:15
1240,4,2023-11-26 05:00:19,2023-11-26 06:22:19
1241,3,2023-11-26 10:18:40,2023-11-26 11:33:40
1242,2,2023-11-26 14:38:40,2023-11-26 15:55:40
1243,5,2023-11-26 14:47:17,2023-11-26 16:03:17
1244,2,2023-11-26 19:39:28,2023-11-26 20:37:28
1245,6,2023-11-26 19:42:38,2023-11-26 20:38:38
1246,4,2023-11-26 23:30:52,2023-11-27 00:53:52
1247,1,2023-11-27 03:48:53,2023-11-27 05:05:53
1248,3,2023-11-27 12:31:23,2023-11-27 13:41:23
1249,6,2023-11-27 15:21:29,2023-11-27 16:42:29
1250,5,2023-11-27 23:41:44,2023-11-28 01:13:44
1251,1,2023-11-28 07:08:31,2023-11-28 08:26:31
1252,2,2023-11-28 09:03:48,2023-11-28 10:24:48
1253,4,2023-11-28 09:38:00,2023-11-28 11:01:00
1254,3,2023-11-28 14:05:17,2023-11-28 15:06:17
1255,1,2023-11-28 14:14:20,2023-11-28 15:22:20
1256,5,2023-11-28 15:44:41,2023-11-28 16:57:41
1257,6,2023-11-28 17:49:01,2023-11-28 19:09:01
1258,4,2023-11-28 19:18:43,2023-11-28 20:40:43
1259,3,2023-11-28 22:24:03,2023-11-28 23:20:03
1260,2,2023-11-29 01:26:57,2023-11-29 02:30:57
1261,5,2023-11-29 12:40:39,2023-11-29 13:49:39
1262,2,2023-11-29 18:47:35,2023-11-29 19:48:35
1263,6,2023-11-30 03:11:49,2023-11-30 04:15:49
1264,4,2023-11-30 06:41:31,2023-11-30 08:06:31
1265,1,2023-11-30 11:48:59,2023-11-30 12:49:59
1266,3,2023-12-01 13:29:36,2023-12-01 14:41:36
1267,6,2023-12-01 15:49:49,2023-12-01 17:04:49
1268,5,2023-12-01 18:47:50,2023-12-01 19:53:50
1269,1,2023-12-02 00:27:07,2023-12-02 01:44:07
1270,2,2023-12-02 09:07:52,2023-12-02 10:26:52
1271,4,2023-12-02 10:26:11,2023-12-02 11:44:11
1272,3,2023-12-02 18:57:10,2023-12-02 19:54:10
1273,1,2023-12-02 23:20:17,2023-12-03 00:33:17
1274,5,2023-12-03 00:46:12,2023-12-03 01:55:12
1275,6,2023-12-03 10:28:06,2023-12-03 11:39:06
1276,4,2023-12-03 12:54:48,2023-12-03 14:06:48
1277,3,2023-12-03 16:04:05,2023-12-03 17:36:05
1278,2,2023-12-04 05:12:30,2023-12-04 06:23:30
1279,5,2023-12-04 08:17:28,2023-12-04 09:38:28
1280,2,2023-12-04 12:25:00,2023-12-04 13:36:00
1281,6,2023-12-04 23:01:47,2023-12-05 00:10:47
1282,4,2023-12-05 01:40:00,2023-12-05 02:46:00
1283,1,2023-12-05 20:28:11,2023-12-05 21:41:11
1284,3,2023-12-06 12:50:58,2023-12-06 13:52:58
1285,6,2023-12-06 15:43:52,2023-12-06 16:50:52
1286,5,2023-12-06 16:26:13,2023-12-06 17:41:13
1287,1,2023-12-07 01:10:24,2023-12-07 02:43:24
1288,2,2023-12-07 09:23:07,2023-12-07 10:39:07
1289,4,2023-12-07 11:40:04,2023-12-07 13:10:04
1290,3,2023-12-07 15:21:19,2023-12-07 16:38:19
1291,1,2023-12-07 19:38:01,2023-12-07 20:35:01
1292,5,2023-12-07 21:07:20,2023-12-07 22:17:20
1293,6,2023-12-08 03:23:14,2023-12-08 04:26:14
1294,4,2023-12-08 15:04:43,2023-12-08 16:05:43
1295,3,2023-12-09 04:30:32,2023-12-09 05:35:32
1296,2,2023-12-09 07:42:21,2023-12-09 09:11:21
1297,5,2023-12-09 19:01:50,2023-12-09 20:07:50
1298,2,2023-12-09 20:13:37,2023-12-09 21:31:37
1299,6,2023-12-09 20:34:12,2023-12-09 22:19:12
1300,4,2023-12-09 23:00:14,2023-12-10 00:19:14
1301,1,2023-12-10 02:50:33,2023-12-10 04:11:33
1302,3,2023-12-10 09:44:07,2023-12-10 11:07:07
1303,6,2023-12-10 23:14:17,2023-12-11 00:47:17
1304,5,2023-12-10 23:35:47,2023-12-11 01:20:47
1305,1,2023-12-12 01:07:57,2023-12-12 02:14:57
1306,2,2023-12-12 07:10:08,2023-12-12 08:28:08
1307,4,2023-12-12 14:29:31,2023-12-12 15:34:31
1308,3,2023-12-12 23:11:57,2023-12-13 00:34:57
1309,1,2023-12-13 02:47:32,2023-12-13 03:45:32
1310,5,2023-12-13 09:55:45,2023-12-13 11:24:45
1311,6,2023-12-13 13:09:21,2023-12-13 14:25:21
1312,4,2023-12-13 19:41:16,2023-12-13 21:04:16
1313,3,2023-12-13 21:37:05,2023-12-13 22:35:05
1314,2,2023-12-14 01:53:54,2023-12-14 03:07:54
1315,5,2023-12-14 04:40:06,2023-12-14 06:12:06
1316,2,2023-12-15 07:52:42,2023-12-15 09:26:42
1317,6,2023-12-15 23:12:58,2023-12-16 00:28:58
1318,4,2023-12-16 12:16:03,2023-12-16 13:40:03
1319,1,2023-12-16 13:22:40,2023-12-16 14:33:40
1320,3,2023-12-16 20:10:40,2023-12-16 21:22:40
1321,6,2023-12-16 22:24:05,2023-12-16 23:52:05
1322,5,2023-12-17 01:02:09,2023-12-17 02:17:09
1323,1,2023-12-17 05:27:00,2023-12-17 06:48:00
1324,2,2023-12-17 14:39:23,2023-12-17 15:38:23
1325,4,2023-12-18 00:21:42,2023-12-18 01:33:42
1326,3,2023-12-18 02:31:02,2023-12-18 03:55:02
1327,1,2023-12-18 04:14:27,2023-12-18 05:16:27
1328,5,2023-12-18 05:17:08,2023-12-18 06:29:08
1329,6,2023-12-18 11:52:05,2023-12-18 13:12:05
1330,4,2023-12-19 08:45:13,2023-12-19 09:47:13
1331,3,2023-12-19 14:56:11,2023-12-19 16:10:11
1332,2,2023-12-19 20:48:21,2023-12-19 22:01:21
1333,5,2023-12-19 23:01:38,2023-12-20 00:25:38
1334,2,2023-12-20 08:01:31,2023-12-20 08:50:31
1335,6,2023-12-20 21:28:12,2023-12-20 22:26:12
1336,4,2023-12-20 23:29:31,2023-12-21 00:51:31
1337,1,2023-12-21 16:42:37,2023-12-21 17:59:37
1338,3,2023-12-21 22:10:28,2023-12-21 23:15:28
1339,6,2023-12-22 03:56:55,2023-12-22 05:18:55
1340,5,2023-12-22 04:38:59,2023-12-22 05:40:59
1341,1,2023-12-22 07:42:56,2023-12-22 09:09:56
1342,2,2023-12-22 12:14:53,2023-12-22 13:10:53
1343,4,2023-12-22 21:11:51,2023-12-22 22:39:51
1344,3,2023-12-23 02:35:52,2023-12-23 03:36:52
1345,1,2023-12-23 11:08:59,2023-12-23 12:34:59
1346,5,2023-12-23 22:39:40,2023-12-23 23:49:40
1347,6,2023-12-24 04:49:18,2023-12-24 06:01:18
1348,4,2023-12-24 04:52:31,2023-12-24 06:16:31
1349,3,2023-12-24 11:43:50,2023-12-24 12:58:50
1350,2,2023-12-24 21:13:54,2023-12-24 22:41:54
1351,5,2023-12-24 22:57:47,2023-12-25 00:22:47
1352,2,2023-12-25 09:17:17,2023-12-25 10:29:17
1353,6,2023-12-25 21:00:58,2023-12-25 21:55:58
1354,4,2023-12-26 01:40:35,2023-12-26 02:50:35
1355,1,2023-12-26 03:34:27,2023-12-26 04:53:27
1356,3,2023-12-26 03:51:32,2023-12-26 05:00:32
1357,6,2023-12-26 09:27:45,2023-12-26 10:44:45
1358,5,2023-12-26 13:36:42,2023-12-26 14:56:42
1359,1,2023-12-26 16:51:28,2023-12-26 18:00:28
1360,2,2023-12-27 00:44:26,2023-12-27 01:49:26
1361,4,2023-12-27 08:17:47,2023-12-27 09:30:47
1362,3,2023-12-27 16:56:35,2023-12-27 18:15:35
1363,1,2023-12-28 14:06:15,2023-12-28 15:26:15
1364,5,2023-12-28 21:18:03,2023-12-28 22:35:03
1365,6,2023-12-28 21:51:23,2023-12-28 23:01:23
1366,4,2023-12-28 22:29:00,2023-12-28 23:46:00
1367,3,2023-12-29 02:12:25,2023-12-29 03:21:25
1368,2,2023-12-29 04:03:36,2023-12-29 05:10:36
1369,5,2023-12-29 04:24:04,2023-12-29 05:36:04
1370,2,2023-12-29 08:35:42,2023-12-29 09:45:42
1371,6,2023-12-29 09:34:02,2023-12-29 10:47:02
1372,4,2023-12-29 11:54:00,2023-12-29 13:13:00
1373,1,2023-12-30 01:47:48,2023-12-30 03:01:48
